timestamp,close,lstm_predictions
2000-07-31,18.88,-1.0
2000-08-31,14.5,-1.0
2000-09-29,11.75,-1.0
2000-10-31,13.62,-1.0
2000-11-30,11.75,-1.0
2000-12-29,8.5,-1.0
2001-01-31,8.38,-1.0
2001-02-28,7.25,-1.0
2001-03-30,4.88,-1.0
2001-04-30,6.6,-1.0
2001-05-31,6.45,-1.0
2001-06-29,13.51,-1.0
2001-07-31,9.19,-1.0
2001-08-31,9.11,-1.0
2001-09-28,6.24,-1.0
2001-10-31,9.2,-1.0
2001-11-30,9.56,-1.0
2001-12-31,10.03,-1.0
2002-01-31,9.25,-1.0
2002-02-28,9.2,-1.0
2002-03-28,9.4,-1.0
2002-04-30,10.15,-1.0
2002-05-31,9.43,-1.0
2002-06-28,8.47,-1.0
2002-07-31,7.0,-1.0
2002-08-30,7.38,-1.0
2002-09-30,7.99,-1.0
2002-10-31,6.7,-1.0
2002-11-29,7.3,-1.0
2002-12-31,6.16,-1.0
2003-01-31,6.41,25.174177169799805
2003-02-28,3.76,24.614871978759766
2003-03-31,6.46,24.453224182128906
2003-04-30,6.17,24.107332229614258
2003-05-30,8.76,24.260406494140625
2003-06-30,7.49,24.794715881347656
2003-07-31,15.0,25.38348960876465
2003-08-29,15.15,27.603065490722656
2003-09-30,16.67,29.01491355895996
2003-10-31,14.5,30.45670509338379
2003-11-28,15.27,31.09046745300293
2003-12-31,17.09,31.08850860595703
2004-01-30,17.779,31.619590759277344
2004-02-27,17.91,31.9996280670166
2004-03-31,16.97,32.75070571899414
2004-04-30,16.21,32.94754409790039
2004-05-28,16.54,33.14463424682617
2004-06-30,19.0,32.78922653198242
2004-07-30,22.88,33.23698425292969
2004-08-31,24.25,34.32655334472656
2004-09-30,24.75,35.767154693603516
2004-10-29,29.18,36.7133903503418
2004-11-30,35.93,38.47443771362305
2004-12-31,40.02,41.66975021362305
2005-01-31,39.9,44.8866081237793
2005-02-28,47.15,47.5392951965332
2005-03-31,45.47,50.77050018310547
2005-04-29,42.94,53.12338638305664
2005-05-31,49.5,53.72120666503906
2005-06-30,46.64,56.1707649230957
2005-07-29,69.4,56.78124237060547
2005-08-31,74.4,62.97952651977539
2005-09-30,73.29,70.47005462646484
2005-10-31,88.73,73.73046875
2005-11-30,111.73,81.34418487548828
2005-12-30,117.27,91.53105163574219
2006-01-31,137.2699,99.25320434570312
2006-02-28,90.2,110.80986785888672
2006-03-31,118.0,106.70287322998047
2006-04-28,127.0,108.26095581054688
2006-05-31,111.29,114.83314514160156
2006-06-30,115.0,111.7421875
2006-07-31,95.2,116.34300231933594
2006-08-31,94.4,113.17754364013672
2006-09-29,105.45,108.66580963134766
2006-10-31,99.18,109.587890625
2006-11-30,101.62,108.59599304199219
2006-12-29,95.9,108.1989517211914
2007-01-31,98.41,108.44147491455078
2007-02-28,111.1,105.53964233398438
2007-03-30,121.57,110.60494995117188
2007-04-30,129.66,116.88105010986328
2007-05-31,137.63,126.08938598632812
2007-06-29,138.77,134.06504821777344
2007-07-31,212.61,138.69448852539062
2007-08-31,221.28,166.0654754638672
2007-09-28,230.0,187.22496032714844
2007-10-31,326.87,203.8134307861328
2007-11-30,327.68,242.3611602783203
2007-12-31,323.0,268.6560974121094
2008-01-31,254.0,283.6351013183594
2008-02-29,281.92,277.14971923828125
2008-03-31,324.35,269.7335205078125
2008-04-30,289.26,276.28656005859375
2008-05-30,293.59,280.0705871582031
2008-06-30,269.4,283.7772216796875
2008-07-31,311.29,282.50341796875
2008-08-29,295.27,287.6556701660156
2008-09-30,240.98,289.531005859375
2008-10-31,172.79,270.4310302734375
2008-11-28,132.53,234.96359252929688
2008-12-31,126.99,200.70274353027344
2009-01-30,103.23,168.36192321777344
2009-02-27,90.96,153.05545043945312
2009-03-31,95.36,145.28956604003906
2009-04-30,143.73,149.1813201904297
2009-05-29,149.68,164.0954132080078
2009-06-30,163.66,170.6858367919922
2009-07-31,227.32,189.8760528564453
2009-08-31,222.71,212.40484619140625
2009-09-30,262.25,228.33680725097656
2009-10-30,246.35,238.072265625
2009-11-30,280.54,255.24659729003906
2009-12-31,303.43,279.1457214355469
2010-01-29,328.06,295.5855407714844
2010-02-26,347.14,318.4488830566406
2010-03-31,348.13,335.9697570800781
2010-04-30,360.56,359.0187683105469
2010-05-28,322.77,365.7931823730469
2010-06-30,315.62,351.3503723144531
2010-07-30,328.37,336.4418640136719
2010-08-31,265.03,327.017578125
2010-09-30,283.74,308.12109375
2010-10-29,262.95,288.0716552734375
2010-11-30,260.29,281.0030822753906
2010-12-31,257.75,268.796875
2011-01-31,322.91,272.5809326171875
2011-02-28,327.95,289.178466796875
2011-03-31,333.46,297.8172302246094
2011-04-29,349.7,314.0021057128906
2011-05-31,349.0,328.2663269042969
2011-06-30,372.11,337.2815856933594
2011-07-29,400.55,344.7633361816406
2011-08-31,381.35,369.17120361328125
2011-09-30,364.28,382.3667907714844
2011-10-31,433.86,380.2703552246094
2011-11-30,434.21,412.8948974609375
2011-12-30,463.01,424.6556091308594
2012-01-31,459.91,448.5391845703125
2012-02-29,511.62,462.947021484375
2012-03-30,541.75,478.5188293457031
2012-04-30,578.2,498.9248046875
2012-05-31,523.1,520.6043701171875
2012-06-29,553.79,524.739501953125
2012-07-31,481.5,523.8400268554688
2012-08-31,491.79,512.5421142578125
2012-09-28,495.63,494.6310729980469
2012-10-31,542.22,496.4397277832031
2012-11-30,529.0,512.5421752929688
2012-12-31,490.37,526.7553100585938
2013-01-31,574.38,519.8314819335938
2013-02-28,573.52,544.1270141601562
2013-03-28,491.19,556.0391235351562
2013-04-30,492.29,532.5150756835938
2013-05-31,497.53,515.9248657226562
2013-06-28,506.132,502.7699890136719
2013-07-31,388.0,497.9873352050781
2013-08-30,386.52,481.1285095214844
2013-09-30,376.27,457.1760559082031
2013-10-31,371.5,439.20733642578125
2013-11-29,376.9,432.0950012207031
2013-12-31,384.08,433.1478576660156
2014-01-31,407.58,431.22369384765625
2014-02-28,444.83,430.53289794921875
2014-03-31,437.99,453.61236572265625
2014-04-30,361.7,456.2858581542969
2014-05-30,369.74,432.1123046875
2014-06-30,411.8,422.5966491699219
2014-07-31,457.55,420.94384765625
2014-08-29,470.01,443.28277587890625
2014-09-30,461.82,464.0596008300781
2014-10-31,495.8,498.59869384765625
2014-11-28,517.77,518.557861328125
2014-12-31,528.94,529.2144775390625
2015-01-30,494.48,536.3302612304688
2015-02-27,500.0,529.7152709960938
2015-03-31,505.03,529.788330078125
2015-04-30,495.98,510.8462829589844
2015-05-29,487.75,506.70819091796875
2015-06-30,484.5,513.6775512695312
2015-07-31,533.17,518.4808349609375
2015-08-31,510.95,525.2061157226562
2015-09-30,459.27,520.8972778320312
2015-10-30,496.6,512.4149169921875
2015-11-30,520.02,508.60699462890625
2015-12-31,546.16,513.4498901367188
2016-01-29,540.85,518.2785034179688
2016-02-29,563.06,533.7246704101562
2016-03-31,601.05,550.557373046875
2016-04-29,626.36,575.1390380859375
2016-05-31,634.71,595.0154418945312
2016-06-30,661.41,610.1475830078125
2016-07-29,695.76,639.3765258789062
2016-08-31,686.42,663.9595947265625
2016-09-30,724.83,677.5115356445312
2016-10-31,672.08,692.9322509765625
2016-11-30,643.74,693.4705200195312
2016-12-30,634.17,686.6842041015625
2017-01-31,692.69,670.3683471679688
2017-02-28,737.0,674.4207763671875
2017-03-31,766.47,697.6559448242188
2017-04-28,835.87,735.5773315429688
2017-05-31,914.68,778.7789306640625
2017-06-30,935.37,823.5244750976562
2017-07-31,938.26,864.2706298828125
2017-08-31,1004.67,889.137939453125
2017-09-29,1045.88,920.3471069335938
2017-10-31,375.36,939.0515747070312
2017-11-30,399.78,756.2128295898438
2017-12-29,364.94,617.0794677734375
2018-01-31,431.67,526.755859375
2018-02-28,426.45,472.6350402832031
2018-03-29,412.83,505.903564453125
2018-04-30,440.78,523.0029296875
2018-05-31,459.67,516.851318359375
2018-06-29,478.48,519.637939453125
2018-07-31,508.19,503.28216552734375
2018-08-31,560.0,468.6318054199219
2018-09-28,574.0,475.94122314453125
2018-10-31,521.18,489.2150573730469
2018-11-30,530.87,516.943115234375
2018-12-31,478.92,522.6021728515625
2019-01-31,523.64,583.0287475585938
2019-02-28,547.61,596.7628173828125
2019-03-29,570.58,611.0079956054688
2019-04-30,510.63,632.9307861328125
2019-05-31,464.85,614.908447265625
2019-06-28,524.55,604.7568359375
2019-07-31,519.51,555.4078369140625
2019-08-30,511.34,543.5808715820312
2019-09-30,539.93,534.9509887695312
2019-10-31,552.95,552.6594848632812
2019-11-29,592.9,528.4813842773438
2019-12-31,591.15,522.7584838867188
2020-01-31,559.78,596.4344482421875
2020-02-28,533.96,586.2438354492188
2020-03-31,495.21,576.5482177734375
2020-04-30,510.88,545.771484375
2020-05-29,580.03,534.7635498046875
2020-06-30,569.83,560.6882934570312
2020-07-31,685.44,575.517333984375
2020-08-31,730.84,632.7930908203125
2020-09-30,709.54,680.9011840820312
2020-10-30,667.08,703.2420043945312
2020-11-30,726.05,698.4532470703125
2020-12-31,818.1,696.88037109375
2021-01-29,747.64,722.928955078125
2021-02-26,736.8,725.5048217773438
2021-03-31,738.94,744.1133422851562
2021-04-30,865.0,752.96875
2021-05-28,842.18,790.8356323242188
2021-06-30,919.64,821.446044921875
2021-07-30,991.46,871.2094116210938
2021-08-31,1053.56,918.9697875976562
2021-09-30,994.15,959.4859008789062
2021-10-29,361.13,969.8006591796875
2021-11-30,324.34,761.1426391601562
2021-12-31,359.3,578.1862182617188
2022-01-31,284.18,475.5330810546875
2022-02-28,290.33,390.2042541503906
2022-03-31,301.68,381.98052978515625
2022-04-29,239.3,414.2724914550781
2022-05-31,227.64,385.6318359375
2022-06-30,200.71,370.0044250488281
2022-07-29,230.17,318.2353820800781
2022-08-31,205.74,260.1164855957031
2022-09-30,187.44,241.65963745117188
2022-10-31,246.47,205.9320068359375
2022-11-30,270.39,234.8649139404297
2022-12-30,265.35,273.8124694824219
2023-01-31,245.69,364.5986633300781
2023-02-28,229.39,376.2719421386719
2023-03-31,255.47,350.11444091796875
2023-04-28,301.22,364.094482421875
2023-05-31,307.84,373.2425231933594
2023-06-30,341.94,381.47509765625
2023-07-31,324.4,367.42578125
2023-08-31,312.68,376.7779846191406
2023-09-29,292.29,374.3793029785156
2023-10-31,262.22,359.0067138671875
2023-11-30,310.84,310.3096008300781
2023-12-29,337.36,293.3940734863281
2024-01-31,378.22,336.48712158203125
2024-02-29,385.6,353.9466247558594
2024-03-28,399.09,366.6744689941406
2024-04-30,370.62,389.03509521484375
2024-05-31,402.12,384.5846862792969
2024-06-28,444.85,380.99456787109375
2024-07-31,444.61,395.7171936035156
2024-08-30,492.63,407.6483459472656
2024-09-30,491.27,435.40313720703125
2024-10-31,503.84,454.38726806640625
2024-11-29,542.0,475.7997741699219
2024-12-31,521.96,504.6404113769531
2025-01-31,571.88,514.1151733398438
2025-02-28,573.15,523.3475952148438
2025-03-31,495.27,539.7177124023438
2025-04-15,488.27,522.2815551757812
